pitch_category,zone,did_mean,did_se,soto_mean,anthony_mean,ci_low,ci_high,sig
fastball,Heart,-0.14367752568915332,0.0331393149122376,0.004537545128007595,-0.13913998056114574,-0.208630582917139,-0.07872446846116762,TRUE
fastball,Shadow,-0.11350348839182102,0.043888413589865165,-0.02840585994359515,-0.14190934833541616,-0.19952477902795673,-0.027482197755685292,TRUE
fastball,Chase,-0.029029743100844697,0.033376590918628275,-0.041120823825382166,-0.070150566926226815,-0.09444786130135613,0.03638837509966673,FALSE
breaking,Heart,0.09020848984846107,0.042046271549794595,-0.15696258081546477,-0.06675409096700372,0.00779779761086366,0.17261918208605848,TRUE
breaking,Shadow,0.13439875327029632,0.051959995135654205,-0.20824583781337877,-0.07384708454308248,0.03255716280441408,0.23624034373617858,TRUE
breaking,Chase,0.08213914176757331,0.03862440269957745,-0.12769090819985718,-0.04555176643228391,0.006435312476401514,0.15784297105874512,TRUE
offspeed,Heart,-0.033549564760552215,0.04073163848790397,-0.01680090389569537,-0.050350468656247566,-0.113383576196844,0.04628444667573956,FALSE
offspeed,Shadow,-0.00662161637654323,0.05995210096756509,-0.05528349134663127,-0.0619051077231745,-0.1241277342729708,0.11088450151988435,FALSE
offspeed,Chase,0.02582320745579714,0.05599040859617923,-0.07339618802100754,-0.04757298056521037,-0.08391799339271415,0.13556440830430844,FALSE
